{
  "global_rmse": 0.012184616464955132,
  "global_mae": 0.00501698555198614,
  "global_r2": 0.5292178681807581,
  "per_patient_rmse_mean": 0.011506447220233992,
  "per_patient_rmse_std": 0.00400831021329751,
  "per_patient_mae_mean": 0.005016985551986139,
  "per_patient_mae_std": 0.002770327577414634,
  "per_patient_r2_mean": 0.5057280314320141,
  "per_patient_r2_std": 0.23602631728251788,
  "n_patients": 151,
  "F": 38,
  "T": 21
}