{
  "global_rmse": 0.00600155404188343,
  "global_mae": 0.0024428734864712187,
  "global_r2": 0.5431394313352599,
  "per_patient_rmse_mean": 0.005678441696464782,
  "per_patient_rmse_std": 0.0019426659047549896,
  "per_patient_mae_mean": 0.002442873486471215,
  "per_patient_mae_std": 0.0014573433453135335,
  "per_patient_r2_mean": 0.4993013060754482,
  "per_patient_r2_std": 0.2307605851235189,
  "n_patients": 604,
  "F": 38,
  "T": 21
}